{"chunk_definitions":[{"chunk_id":"ca63sn2xdeuxi","chunk_label":"unnamed-chunk-4","document_id":"B6767228","expansion_state":0,"options":{"engine":"r","label":"unnamed-chunk-8"},"row":77,"row_count":1,"visible":true},{"chunk_id":"ct8nawfpm43py","chunk_label":"unnamed-chunk-6","document_id":"B6767228","expansion_state":0,"options":{"engine":"r","label":"unnamed-chunk-12"},"row":98,"row_count":1,"visible":true},{"chunk_id":"csprp4vjcqqel","chunk_label":"unnamed-chunk-7","document_id":"B6767228","expansion_state":0,"options":{"engine":"r","label":"unnamed-chunk-13"},"row":116,"row_count":1,"visible":true},{"chunk_id":"cj0wvxv3h4t65","chunk_label":"unnamed-chunk-8","document_id":"B6767228","expansion_state":0,"options":{"engine":"r","label":"unnamed-chunk-14"},"row":135,"row_count":1,"visible":true},{"chunk_id":"cc0jveqnt8xdw","chunk_label":"unnamed-chunk-9","document_id":"B6767228","expansion_state":0,"options":{"engine":"r","label":"unnamed-chunk-16"},"row":152,"row_count":1,"visible":true},{"chunk_id":"cymkzzp6diocl","chunk_label":"unnamed-chunk-10","document_id":"B6767228","expansion_state":0,"options":{"engine":"r","label":"unnamed-chunk-17"},"row":159,"row_count":1,"visible":true},{"chunk_id":"ci4gov3xl0ok2","chunk_label":"unnamed-chunk-11","document_id":"B6767228","expansion_state":0,"options":{"engine":"r","label":"unnamed-chunk-18"},"row":165,"row_count":1,"visible":true},{"chunk_id":"cic8rb958mtlt","chunk_label":"unnamed-chunk-12","document_id":"B6767228","expansion_state":0,"options":{"engine":"r","label":"unnamed-chunk-19"},"row":173,"row_count":1,"visible":true},{"chunk_id":"cowgp34457yaf","chunk_label":"unnamed-chunk-13","document_id":"B6767228","expansion_state":0,"options":{"engine":"r","label":"unnamed-chunk-20"},"row":179,"row_count":1,"visible":true},{"chunk_id":"canc1rpaax08j","chunk_label":"unnamed-chunk-14","document_id":"B6767228","expansion_state":0,"options":{"engine":"r","label":"unnamed-chunk-21"},"row":189,"row_count":1,"visible":true},{"chunk_id":"cq27rxfz1izta","chunk_label":"unnamed-chunk-15","document_id":"B6767228","expansion_state":0,"options":{"engine":"r","label":"unnamed-chunk-22"},"row":237,"row_count":1,"visible":true},{"chunk_id":"cd1qi5pbnfx8f","chunk_label":"unnamed-chunk-16","document_id":"B6767228","expansion_state":0,"options":{"engine":"r","label":"unnamed-chunk-23"},"row":251,"row_count":1,"visible":true},{"chunk_id":"cutvv9z62v5o0","chunk_label":"unnamed-chunk-17","document_id":"B6767228","expansion_state":0,"options":{"engine":"r","label":"unnamed-chunk-24"},"row":260,"row_count":1,"visible":true},{"chunk_id":"cl24xa2p4ndiw","chunk_label":"unnamed-chunk-18","document_id":"B6767228","expansion_state":0,"options":{"engine":"r","label":"unnamed-chunk-30"},"row":268,"row_count":1,"visible":true},{"chunk_id":"c2twyxjy63ig2","chunk_label":"unnamed-chunk-19","document_id":"B6767228","expansion_state":0,"options":{"engine":"r","label":"unnamed-chunk-27"},"row":277,"row_count":1,"visible":true},{"chunk_id":"cey1uzxeh6lqp","chunk_label":"unnamed-chunk-20","document_id":"B6767228","expansion_state":0,"options":{"engine":"r","label":"unnamed-chunk-31"},"row":292,"row_count":1,"visible":true}],"chunk_rendered_width":619,"doc_write_time":1625994065}