"0","our_query = paste0('https://api.trove.nla.gov.au/v2/result?key=',"
"0","               key,"
"0","               '&zone=',"
"0","               zone,"
"0","               '&q=',"
"0","               query,"
"0","               '&encoding='"
"0","               ,encoding, '&n=',"
"0","               results,"
"0","               '&l-decade=',"
"0","               decade)"
"0",""
"0","#ifelse warning run before here I reckon"
"0","our_query"
"1","[1]"
"1"," ""https://api.trove.nla.gov.au/v2/result?key=q6ikr8sqem7hbqib&zone=newspaper&q=sydney+city&encoding=json&n=1000&l-decade=185"""
"1","
"
