{"chunk_definitions":[{"chunk_id":"cectur5ps9g60","chunk_label":"unnamed-chunk-1","document_id":"51138252","expansion_state":0,"options":{"engine":"r","label":"unnamed-chunk-32"},"row":10,"row_count":1,"visible":true},{"chunk_id":"cqxjsc2d24e8u","chunk_label":"unnamed-chunk-2","document_id":"51138252","expansion_state":0,"options":{"engine":"r","label":"unnamed-chunk-33"},"row":63,"row_count":1,"visible":true},{"chunk_id":"cxka0hlly035i","chunk_label":"unnamed-chunk-3","document_id":"51138252","expansion_state":0,"options":{"engine":"r","label":"unnamed-chunk-34"},"row":71,"row_count":1,"visible":true},{"chunk_id":"cto6d1camdmii","chunk_label":"unnamed-chunk-4","document_id":"51138252","expansion_state":0,"options":{"engine":"r","label":"unnamed-chunk-35"},"row":77,"row_count":1,"visible":true},{"chunk_id":"cqmg1ycjtkfbd","chunk_label":"unnamed-chunk-5","document_id":"51138252","expansion_state":0,"options":{"engine":"r","label":"unnamed-chunk-36"},"row":84,"row_count":1,"visible":true},{"chunk_id":"c1hbezyzpnja0","chunk_label":"unnamed-chunk-6","document_id":"51138252","expansion_state":0,"options":{"engine":"r","label":"unnamed-chunk-118"},"row":97,"row_count":1,"visible":true},{"chunk_id":"cz2a3upyf32ax","chunk_label":"unnamed-chunk-7","document_id":"51138252","expansion_state":0,"options":{"engine":"r","label":"unnamed-chunk-91"},"row":116,"row_count":1,"visible":true},{"chunk_id":"cnu547tfidrer","chunk_label":"unnamed-chunk-9","document_id":"51138252","expansion_state":0,"options":{"engine":"r","label":"unnamed-chunk-101"},"row":155,"row_count":1,"visible":true},{"chunk_id":"cob1qatrf7d8r","chunk_label":"unnamed-chunk-11","document_id":"51138252","expansion_state":0,"options":{"engine":"r","label":"unnamed-chunk-114"},"row":205,"row_count":1,"visible":true},{"chunk_id":"c4zzvny76gpny","chunk_label":"unnamed-chunk-12","document_id":"51138252","expansion_state":0,"options":{"engine":"r","label":"unnamed-chunk-116"},"row":213,"row_count":1,"visible":true},{"chunk_id":"cov1qp5pwpg75","chunk_label":"unnamed-chunk-13","document_id":"51138252","expansion_state":0,"options":{"engine":"r","label":"unnamed-chunk-122"},"row":263,"row_count":1,"visible":true},{"chunk_id":"cr5r6i33rucie","chunk_label":"unnamed-chunk-14","document_id":"51138252","expansion_state":0,"options":{"engine":"r","label":"unnamed-chunk-123"},"row":271,"row_count":1,"visible":true}],"doc_write_time":1625994222}