"0","get_trove_articles = function(key = 'q6ikr8sqem7hbqib', zone = 'newspaper',query = 'koala',encoding = 'json', totalresults = 10, decade = '184'){"
"0","  "
"0","  startKey = '*'"
"0","  listofdfs <- list()"
"0","  "
"0","  resultsamount = totalresults/100"
"0","  "
"0","  resultsforcall = as.character(resultsamount)"
"0","  for(i in 1:resultsamount) {"
"0","  "
"0","  a = GET(paste0('https://api.trove.nla.gov.au/v2/result?key=',"
"0","               key,"
"0","               '&zone=',"
"0","               zone,"
"0","               '&q=',"
"0","               query,"
"0","               '&encoding='"
"0","               ,encoding, '&n=100',"
"0","               '&l-decade=',"
"0","               decade,"
"0","               '&include=articletext&s=',"
"0","               startKey,'&bulkHarvest=TRUE'))"
"0",""
"0","b = rawToChar(a$content) %>% fromJSON()"
"0",""
"0","c = b$response$zone$records$article"
"0",""
"0","c[[1]]$title = c[[1]]$title$value"
"0",""
"0","startKey = b$response$zone$records$nextStart"
"0",""
"0","df = c[[1]] %>% as_tibble() %>% select(heading, title, date, page, snippet, articleText) %>% mutate(articleText = str_replace_all(articleText, ""<[^>]+>"", """"))"
"0",""
"0","listofdfs[[i]] <- df"
"0","}"
"0","return(do.call(rbind, listofdfs))"
"0","}"
