{"chunk_definitions":[{"chunk_id":"cqxjsc2d24e8u","chunk_label":"unnamed-chunk-2","document_id":"51138252","expansion_state":0,"options":{"engine":"r","label":"unnamed-chunk-3"},"row":63,"row_count":1,"visible":true},{"chunk_id":"cxka0hlly035i","chunk_label":"unnamed-chunk-3","document_id":"51138252","expansion_state":0,"options":{"engine":"r","label":"unnamed-chunk-4"},"row":71,"row_count":1,"visible":true},{"chunk_id":"cto6d1camdmii","chunk_label":"unnamed-chunk-4","document_id":"51138252","expansion_state":0,"options":{"engine":"r","label":"unnamed-chunk-5"},"row":77,"row_count":1,"visible":true},{"chunk_id":"cqmg1ycjtkfbd","chunk_label":"unnamed-chunk-5","document_id":"51138252","expansion_state":0,"options":{"engine":"r","label":"unnamed-chunk-6"},"row":84,"row_count":1,"visible":true}],"doc_write_time":1625881139}