<?xml version='1.0' encoding='UTF-8'?><response><query>john curtin kip</query><zone name="newspaper"><records s="0" n="20" total="952" next="/result?q=john+curtin+kip&amp;zone=newspaper&amp;s=20"><article id="44995869" url="/newspaper/44995869"><heading>WOMAN'S REALM. MRS CURTIN MEETS PRESS. Many Subjects Discussed.</heading><category>Article</category><title id="30">The West Australian (Perth, WA : 1879 - 1954)</title><date>1945-02-01</date><page>7</page><pageSequence>7</pageSequence><relevance score="0.018615847">may have relevance</relevance><snippet>... WOMAN'S REALM. MRS &lt;strong>CURTIN&lt;/strong> MEETS PRESS. Many Subjects Discussed. CANBERRA, Jan 31.--The Duchess of Gloucester was a delightful ful person, very easy and natural, said Mrs &lt;strong>John&lt;/strong> &lt;strong>Curtin,&lt;/strong> wife of the ...  Minister and Mrs &lt;strong>Curtin&lt;/strong> wens to Government House' on Monday night about an hour; after the arrival of ...</snippet><troveUrl>http://trove.nla.gov.au/ndp/del/article/44995869?searchTerm=john+curtin+kip</troveUrl></article><article id="94804776" url="/newspaper/94804776"><heading>Mrs. Curtin Meets Press MANY SUBJECTS DISCUSSED</heading><category>Article</category><title id="342">Kalgoorlie Miner (WA : 1895 - 1950)</title><date>1945-02-02</date><page>2</page><pageSequence>2</pageSequence><relevance score="0.018615847">may have relevance</relevance><snippet>... Mrs. &lt;strong>Curtin&lt;/strong> Meets Press ? ^Hh m jtfc ? MANY SUBJECTS DISCUSSED Canberra, Jan. 31.-The The Duchess of Gloucester was a delightful person, son, very easy and natural, said Mrs. &lt;strong>John&lt;/strong> &lt;strong>Curtin,&lt;/strong> wife of ...  Mrs. &lt;strong>'Curtin&lt;/strong> said that neither of them could compare with her &lt;strong>Kip,&lt;/strong> a blue kel pie who was so ...</snippet><troveUrl>http://trove.nla.gov.au/ndp/del/article/94804776?searchTerm=john+curtin+kip</troveUrl></article><article id="78460429" url="/newspaper/78460429"><heading>Curtin Rests</heading><category>Article</category><title id="275">The Daily News (Perth, WA : 1882 - 1950)</title><edition>CITY FINAL</edition><date>1943-08-26</date><page>5</page><pageSequence>5 S</pageSequence><relevance score="0.018103754">may have relevance</relevance><snippet>... his departmental officials in Can berra and Melbourne. For the rest of his day he is &lt;strong>John&lt;/strong> &lt;strong>Curtin,&lt;/strong> ...  &lt;strong>Curtin&lt;/strong> Rests For the first time in 22 months the Prime Minister (Mr &lt;strong>Curtin)&lt;/strong> is having several ral ...  Kelpie &lt;strong>'Kip'&lt;/strong> enjoys election time, for it means long walks with. 'Dad' around the golf links- not ...</snippet><troveUrl>http://trove.nla.gov.au/ndp/del/article/78460429?searchTerm=john+curtin+kip</troveUrl></article><article id="78460487" url="/newspaper/78460487"><heading>Curtin Rests</heading><category>Article</category><title id="275">The Daily News (Perth, WA : 1882 - 1950)</title><edition>CITY FINAL</edition><date>1943-08-26</date><page>7</page><pageSequence>7 S</pageSequence><relevance score="0.018103754">may have relevance</relevance><snippet>... departmental officials in Can berra and Melbourne. . For the rest of his day he is &lt;strong>John&lt;/strong> &lt;strong>Curtin,&lt;/strong> ...  &lt;strong>Curtin&lt;/strong> Rests For the first .time in 22 months the Prime Minister (Mr &lt;strong>Curtin)&lt;/strong> is having several ral ...  His -Kelpie &lt;strong>'.'Kip'&lt;/strong> enjoys election time, for it means long' walks with 'Dad' around the golf links ...</snippet><troveUrl>http://trove.nla.gov.au/ndp/del/article/78460487?searchTerm=john+curtin+kip</troveUrl></article><article id="127315711" url="/newspaper/127315711"><heading>Mr. Curtin's First Real Rest for 22 Months</heading><category>Article</category><title id="461">News (Adelaide, SA : 1923 - 1954)</title><date>1943-08-26</date><page>2</page><pageSequence>2</pageSequence><relevance score="0.016887331">may have relevance</relevance><snippet>... Melbourne. For the rest of his day he is &lt;strong>John&lt;/strong> &lt;strong>Curtin,&lt;/strong> citizen, of Jarrad street, Cottesloe. He potters ...  Minister (Mr. &lt;strong>Curtin)&lt;/strong> is having several days' consecutive rest-as far as his official duties will ...  with him, for an hour or two, Mr. &lt;strong>Curtin&lt;/strong> scans cable messages, keeping him in touch with latest war ...</snippet><troveUrl>http://trove.nla.gov.au/ndp/del/article/127315711?searchTerm=john+curtin+kip</troveUrl></article><article id="46937406" url="/newspaper/46937406"><heading>The P.M.'s Shangri-La...where he is just 'Dad' Mrs. Curtin has made true haven of their modest bungalow home</heading><category>Article</category><title id="112">The Australian Women's Weekly (1933 - 1982)</title><date>1943-07-31</date><page>9</page><pageSequence>9</pageSequence><relevance score="0.016489938">may have relevance</relevance><snippet>... The P.M.'s Shangri-La -. .where he is just *Dad* MRS. &lt;strong>JOHN&lt;/strong> &lt;strong>CURTIN,&lt;/strong> wife of the Prime Minister, ...  Tas- mania shortly after that." Romance CO, when a, young man named &lt;strong>John&lt;/strong> &lt;strong>Curtin&lt;/strong> went to Tasmania on ...  vivacious face, didn't need any "political pull" to capture the heart of young &lt;strong>John&lt;/strong> &lt;strong>Curtin.&lt;/strong> ...</snippet><troveUrl>http://trove.nla.gov.au/ndp/del/article/46937406?searchTerm=john+curtin+kip</troveUrl></article><article id="59180761" url="/newspaper/59180761"><heading>Where Prime Minister Is Just "Dad" Mrs. Curtin Has Made True Haven Of Their Modest Bungalow Home</heading><category>Article</category><title id="93">Sunday Times (Perth, WA : 1902 - 1954)</title><date>1943-08-08</date><page>3</page><pageSequence>3 S</pageSequence><relevance score="0.016044473">may have relevance</relevance><snippet>... &lt;strong>John&lt;/strong> &lt;strong>Curtin&lt;/strong> went to Tasmania on union business they met. Doubtless, whatever her politi- cal ...  cious face, didn't need any "political pull" to capture the heart of young &lt;strong>John&lt;/strong> &lt;strong>Curtin,&lt;/strong> Twenty-six ...  own mind. Mrs. &lt;strong>Curtin&lt;/strong> tells &lt;strong>Kip&lt;/strong> confiden- tially that he's a nuisance, but &lt;strong>Kip&lt;/strong> doesn't take her ...</snippet><troveUrl>http://trove.nla.gov.au/ndp/del/article/59180761?searchTerm=john+curtin+kip</troveUrl></article><article id="142147807" url="/newspaper/142147807"><heading>Books of the Day Australia's Prize</heading><category>Article</category><title id="460">The Australasian (Melbourne, Vic. : 1864 - 1946)</title><date>1943-11-20</date><page>2</page><pageSequence>2</pageSequence><relevance score="0.012136153">may have relevance</relevance><snippet>... reading Alan Chester's biography, &lt;strong>"John&lt;/strong> &lt;strong>Curtin."&lt;/strong> It. is a book that recalls to mind the story of the ...  by MICHAEL GARETH LLEWELYN (London: &lt;strong>John&lt;/strong> Mur ray) ; 16/6. &lt;strong>JOHN&lt;/strong> &lt;strong>CURTIN,&lt;/strong> by ALAN CHESTER (Syd ney: ...  Perhaps Mr &lt;strong>Curtin&lt;/strong> did not see Alan Chester's verbal portrait of him before it was finished. Perhaps even ...</snippet><troveUrl>http://trove.nla.gov.au/ndp/del/article/142147807?searchTerm=john+curtin+kip</troveUrl></article><article id="59165022" url="/newspaper/59165022"><heading>Sydney Writer Says: "They put plates on their bikes and eat high tea on Sunday nights in Perth."</heading><category>Article</category><title id="93">Sunday Times (Perth, WA : 1902 - 1954)</title><date>1942-02-01</date><page>4</page><pageSequence>4</pageSequence><relevance score="0.012121278">may have relevance</relevance><snippet>... Perth's ideas about &lt;strong>John&lt;/strong> &lt;strong>Curtin.&lt;/strong> With a lot of them a « "The Sunday Times" does not see eye to eye, ...  weren't ault» stirs how goor" ne was. They all knew &lt;strong>John&lt;/strong> &lt;strong>Curtin.&lt;/strong> OÏI conrse they did. A good soun  ...  Rall like &lt;strong>John&lt;/strong> &lt;strong>Curtin&lt;/strong> was. arguing that Britain ought to do this, demanding that Win- ston Churchill ...</snippet><troveUrl>http://trove.nla.gov.au/ndp/del/article/59165022?searchTerm=john+curtin+kip</troveUrl></article><article id="212290500" url="/newspaper/212290500"><heading>A PROPHET AMONG HIS OWN PEOPLE WESTRALIANS WANT CURTIN TO BE A MILD COLONIAL BOY</heading><category>Article</category><title id="1061">The Evening Advocate (Innisfail, Qld. : 1941 - 1954)</title><date>1942-02-05</date><page>6</page><pageSequence>6</pageSequence><relevance score="0.011809613">may have relevance</relevance><snippet>... at all costs. Let us all be mild colonial' boys together. - And &lt;strong>John&lt;/strong> &lt;strong>Curtin&lt;/strong> looked regret fully at ...  A PROPHET AMONG HIS OWN PEOPLE westralianS want &lt;strong>curtin&lt;/strong> to BE A MILD COLONIAL BOY (By RICHARD ... f Mount Fuji after Japan had entered the war. Jack &lt;strong>Curtin,&lt;/strong> Prime Minister of Australia, ! discovered ...</snippet><troveUrl>http://trove.nla.gov.au/ndp/del/article/212290500?searchTerm=john+curtin+kip</troveUrl></article><article id="59164969" url="/newspaper/59164969"><heading>Sydney Writer Says: "They put plates on their bikes and eat high tea on Sunday nights in Perth."</heading><category>Article</category><title id="93">Sunday Times (Perth, WA : 1902 - 1954)</title><date>1942-02-01</date><page>3</page><pageSequence>3</pageSequence><relevance score="0.011596734">may have relevance</relevance><snippet>... impressions of Perth and also of . J Perth's ideas about &lt;strong>John&lt;/strong> &lt;strong>Curtin.&lt;/strong> With a lot of them ¡ j "The Sunday ...  good he wad. They ail knew &lt;strong>John&lt;/strong> &lt;strong>Curtin.&lt;/strong> Of course they did. A good sounc respectable tabor man. But pf ...  after all that a W^st rallan ought to be taking a crack at White Hall ¡ike &lt;strong>John&lt;/strong> &lt;strong>Curtin&lt;/strong> was. arguing ...</snippet><troveUrl>http://trove.nla.gov.au/ndp/del/article/59164969?searchTerm=john+curtin+kip</troveUrl></article><article id="85640258" url="/newspaper/85640258"><heading>Beginning a great story. MY HUSBAND JOHN CURTIN</heading><category>Article</category><title id="275">The Daily News (Perth, WA : 1882 - 1950)</title><edition>FIRST</edition><date>1950-12-02</date><page>7</page><pageSequence>7 S</pageSequence><relevance score="0.009971834">may have relevance</relevance><snippet>... [?] [?] [?] 0 Winston Churchill ,- outspoken in Ms criticisms, &lt;strong>John&lt;/strong> &lt;strong>Curtin&lt;/strong> was a source ]; ; 0/ ...  whenever he could from Canberra was 'home.' t j! This is not so much the story of &lt;strong>John&lt;/strong> &lt;strong>Curtin,&lt;/strong> Australia's ...  said: 'Mr. &lt;strong>John&lt;/strong> &lt;strong>Curtin-&lt;/strong> my daughter, Elsie,' he little thought he was introducing me to my future ...</snippet><troveUrl>http://trove.nla.gov.au/ndp/del/article/85640258?searchTerm=john+curtin+kip</troveUrl></article><article id="113291249" url="/newspaper/113291249"><heading>Family Notices</heading><category>Family Notices</category><title id="508">Evening News (Sydney, NSW : 1869 - 1931)</title><date>1904-08-29</date><page>6</page><pageSequence>6</pageSequence><relevance score="0.009794123">may have relevance</relevance><snippet>... hus 'cand, &lt;strong>John&lt;/strong> Burns, who died August 28, - 1903. In serted by his loving wife, Ellen Burns, 62 ...  years. R.LP. In serted by her loving Jmsband and son, &lt;strong>John&lt;/strong> and Phillip Cavanagh. CAVAJJAGH. - In sad ...  her late residence, 13 Marion street, Redfern, aged 51 years. &lt;strong>K.I.P.&lt;/strong> Inserted by her loving son and ...</snippet><troveUrl>http://trove.nla.gov.au/ndp/del/article/113291249?searchTerm=john+curtin+kip</troveUrl></article><article id="14492987" url="/newspaper/14492987"><heading>Family Notices</heading><category>Family Notices</category><title id="35">The Sydney Morning Herald (NSW : 1842 - 1954)</title><date>1902-12-23</date><page>1</page><pageSequence>1</pageSequence><relevance score="0.009607193">may have relevance</relevance><snippet>...bsp;  daughter Mary. Sacred heart of Mary, your prayers for her extol. &lt;strong>R.I.P.&lt;/strong> &lt;strong>CURTIN.&lt;/strong> ...  vacant in our home Which never can be filled. &lt;strong>CURTIN.&lt;/strong> - In sad but loving memory of my dear wife ...  band, Daniel &lt;strong>Curtin.&lt;/strong> Released from sorrow, sin and pain,  And freed from every care; By angels' ...</snippet><troveUrl>http://trove.nla.gov.au/ndp/del/article/14492987?searchTerm=john+curtin+kip</troveUrl></article><article id="193190901" url="/newspaper/193190901"><heading>HITS, SKITS AND JINGLES A laugh is worth a thousand groans in any market,—Charles Lamp. Inquest</heading><category>Article</category><title id="985">The Armidale Express and New England General Advertiser (NSW : 1856 - 1861; 1863 - 1889; 1891 - 1954)</title><date>1942-12-21</date><page>6</page><pageSequence>6</pageSequence><relevance score="0.009270591">may have relevance</relevance><snippet>... Ed Ward, I watched the stiff die. Who caught his btood? I, said &lt;strong>John&lt;/strong> &lt;strong>Curtin,&lt;/strong> To make death quite ...  1 the ringkeeper, Mr. U. P. S. Hegoes, with a gold &lt;strong>kip,&lt;/strong> inscribed with the motto of the School, ...  &lt;strong>kip&lt;/strong> within a hundred yards of the school. Refreshments were to have been served, but the day being ...</snippet><troveUrl>http://trove.nla.gov.au/ndp/del/article/193190901?searchTerm=john+curtin+kip</troveUrl></article><article id="142885718" url="/newspaper/142885718"><heading>NOTES AND NOTIONS THE HERMIT</heading><category>Article</category><title id="646">The Lockhart Review and Oaklands Advertiser (NSW : 1910 - 1954)</title><date>1937-07-20</date><page>1</page><pageSequence>1</pageSequence><relevance score="0.00921792">may have relevance</relevance><snippet>... a police cell in Victoria, as a vagrant. Like the famous^ &lt;strong>John&lt;/strong> Brown, of Yankee extrac tion, his ...  not be expected to rush into the matter. Nor ; should the Council rush the &lt;strong>kip&lt;/strong> .seeing that rural ...  problem dealt with in its own good time. MR. &lt;strong>CURTIN,&lt;/strong> THE O.L. I Mr. &lt;strong>Curtin,&lt;/strong> the Opposition Leader. ...</snippet><troveUrl>http://trove.nla.gov.au/ndp/del/article/142885718?searchTerm=john+curtin+kip</troveUrl></article><article id="126918773" url="/newspaper/126918773"><heading>Family Notices</heading><category>Family Notices</category><title id="11">The Canberra Times (ACT : 1926 - 1995)</title><date>1982-04-24</date><page>20</page><pageSequence>20</pageSequence><relevance score="0.009210872">may have relevance</relevance><snippet>... Davis). - To Gayle and &lt;strong>John,&lt;/strong> a daughter, 21st. Lucille Matilda. Both well. I EAMES. - To Cathie and ...  ine and &lt;strong>John&lt;/strong> a son, Andrew &lt;strong>John,&lt;/strong> born 16.4.82. Brother for Sarah. What a little champion! Thanks to ...  rival of twin daughters, Katie and Merrilyn, born 20th March. RNSH, Syd ney. &lt;strong>JOHN&lt;/strong> (nee Jones). - To ...</snippet><troveUrl>http://trove.nla.gov.au/ndp/del/article/126918773?searchTerm=john+curtin+kip</troveUrl></article><article id="170946451" url="/newspaper/170946451"><heading>Family Notices</heading><category>Family Notices</category><title id="792">Advocate (Melbourne, Vic. : 1868 - 1954)</title><date>1919-08-16</date><page>21</page><pageSequence>21</pageSequence><relevance score="0.009088506">may have relevance</relevance><snippet>... Bridget, relict of the late &lt;strong>John&lt;/strong> Golden, of Yendon, . and dearly loved mother of Mrs. J. &lt;strong>Curtin&lt;/strong> (16 ...  (Dunnstown). R.I.P. D'ARCY.-On the 2nd August, 1919, at Oeelong, Annie, the dearly beloved wife of &lt;strong>John&lt;/strong> Joseph D'Arcy, and loving mother of Thomas; aged 38 years. &lt;strong>R.I.P.&lt;/strong> FARRELLY.-On 5th August, 1919, at ...</snippet><troveUrl>http://trove.nla.gov.au/ndp/del/article/170946451?searchTerm=john+curtin+kip</troveUrl></article><article id="110691816" url="/newspaper/110691816"><heading>DRAWS, DETAILS Bowling CA-VBERRA CITY</heading><category>Article</category><title id="11">The Canberra Times (ACT : 1926 - 1995)</title><date>1971-12-02</date><page>36</page><pageSequence>36</pageSequence><relevance score="0.008410151">may have relevance</relevance><snippet>... Watson; S. Moore, &lt;strong>Curtin,&lt;/strong> Cumming v B. Hawke, Perrin, Pitt; Hibbenon, Bruce, Reef v CutbberUon. ...  Macquaric; St Edmunds v Marist, St Edmunds I: Woden v Daramalan, North &lt;strong>Curtin&lt;/strong> I; Sth Woden 2 v Easts F; ...  12 (one day matches): Division 1 - City (C) v Marist Southw'dl 6; Woden v Sth Woden, South &lt;strong>Curtin;&lt;/strong> ...</snippet><troveUrl>http://trove.nla.gov.au/ndp/del/article/110691816?searchTerm=john+curtin+kip</troveUrl></article><article id="69673293" url="/newspaper/69673293"><heading>SUNDAY "TWO-UPPERS." POLICE IN AMBUSH. ELEVEN FINED.</heading><category>Article</category><title id="193">Williamstown Chronicle (Vic. : 1856 - 1954)</title><date>1913-02-15</date><page>2</page><pageSequence>2</pageSequence><relevance score="0.0081117675">may have relevance</relevance><snippet>...Jarrard, Maurice Daly and &lt;strong>John&lt;/strong> Dawes were charged with playing an unlawful game, to wit, "two-up."  ...  Stockmann toss two coins from a &lt;strong>"kip"&lt;/strong> (a piece of wood about3 inches long), Then he handed something to Warren. He also noticed Hoey pass something to another man. Saw Guthrie take the &lt;strong>'"kip."&lt;/strong> Black, &amp;amp;nbs ...</snippet><troveUrl>http://trove.nla.gov.au/ndp/del/article/69673293?searchTerm=john+curtin+kip</troveUrl></article></records></zone></response>