"0","our_result = GET(paste0('https://api.trove.nla.gov.au/v2/result?key=',"
"0","               key,"
"0","               '&zone=',"
"0","               zone,"
"0","               '&q=',"
"0","               query,"
"0","               '&encoding='"
"0","               ,encoding, '&n=',"
"0","               results,"
"0","               '&l-decade=',"
"0","               decade))"
"0",""
"0","our_result"
"1","Response ["
"1",""
"1","https://api.trove.nla.gov.au/v2/result?key=q6ikr8sqem7hbqib&zone=newspaper&q=koala+numbers&encoding=json&n=10&l-decade=185"
"1",""
"1","]
"
"1","  Date: "
"1",""
"1","2021-07-11 04:16"
"1",""
"1","
"
"1","  Status: "
"1",""
"1","200"
"1",""
"1","
"
"1","  Content-Type: "
"1",""
"1","application/json; charset=UTF-8"
"1",""
"1","
"
"1","  Size: "
"1",""
"1","6.44 kB"
"1",""
"1","
"
"1","
"
